Species,CommonName,Order,IUCN_Status,HabitatGeneralistSpecialist,Nest_Location_>1,Nest_Structure_>1,General_Nesting_Location,General_Nesting_Structure,Nesting_On_Artificial,Nest_Elevation_Min,Nest_Elevation_Max,Urban_Nester_YN,Urban_Forager_YN,AcceptsProvisions_YN,Urban_NestMortality,Exurban_NestMortality,Urban_RangeSize,Exurban_RangeSize,Urban_Primary_Diet,Exurban_Primary_Diet
Gymnogyps californianus,California Condor,Cathartiformes,CR,,,,,,,,,,,,,,,,,
Sarcoramphus papa,King Vulture,Cathartiformes,LC,,,,,,,,,,,,,,,,,
Vultur gryphus,Andean Condor,Cathartiformes,VU,,,,,,,,,,,,,,,,,
Coragyps atratus,Black Vulture,Cathartiformes,LC,,,,,,,,,,,,,,,,,
Cathartes aura,Turkey Vulture,Cathartiformes,LC,,,,,,,,,,,,,,,,,
Cathartes burrovianus,Lesser Yellow-headed Vulture,Cathartiformes,LC,,,,,,,,,,,,,,,,,
Cathartes melambrotus,Greater Yellow-headed Vulture,Cathartiformes,LC,,,,,,,,,,,,,,,,,
Sagittarius serpentarius,Secretarybird,Accipitriformes,EN,,,,,,,,,,,,,,,,,
Pandion haliaetus,Osprey,Accipitriformes,LC,,,,,,,,,,,,,,,,,
Gampsonyx swainsonii,Pearl Kite,Accipitriformes,LC,,,,,,,,,,,,,,,,,
Chelictinia riocourii,Scissor-tailed Kite,Accipitriformes,VU,,,,,,,,,,,,,,,,,
Elanus leucurus,White-tailed Kite,Accipitriformes,LC,,,,,,,,,,,,,,,,,
Elanus caeruleus,Black-winged Kite,Accipitriformes,LC,,,,,,,,,,,,,,,,,
Elanus axillaris,Black-shouldered Kite,Accipitriformes,LC,,,,,,,,,,,,,,,,,
Elanus scriptus,Letter-winged Kite,Accipitriformes,NT,,,,,,,,,,,,,,,,,
Polyboroides typus,African Harrier-Hawk,Accipitriformes,LC,,,,,,,,,,,,,,,,,
Polyboroides radiatus,Madagascar Harrier-Hawk,Accipitriformes,LC,,,,,,,,,,,,,,,,,
Gypohierax angolensis,Palm-nut Vulture,Accipitriformes,LC,,,,,,,,,,,,,,,,,
Gypaetus barbatus,Bearded Vulture,Accipitriformes,NT,,,,,,,,,,,,,,,,,
Neophron percnopterus,Egyptian Vulture,Accipitriformes,EN,,,,,,,,,,,,,,,,,
Eutriorchis astur,Madagascar Serpent-Eagle,Accipitriformes,EN,,,,,,,,,,,,,,,,,
Chondrohierax uncinatus,Hook-billed Kite,Accipitriformes,LC,,,,,,,,,,,,,,,,,
Chondrohierax wilsonii,Cuban Kite,Accipitriformes,CR,,,,,,,,,,,,,,,,,
Leptodon cayanensis,Gray-headed Kite,Accipitriformes,LC,,,,,,,,,,,,,,,,,
Leptodon forbesi,White-collared Kite,Accipitriformes,EN,,,,,,,,,,,,,,,,,
Aviceda cuculoides,African Cuckoo-Hawk,Accipitriformes,LC,,,,,,,,,,,,,,,,,
Aviceda madagascariensis,Madagascar Cuckoo-Hawk,Accipitriformes,LC,,,,,,,,,,,,,,,,,
Aviceda jerdoni,Jerdon's Baza,Accipitriformes,LC,,,,,,,,,,,,,,,,,
Aviceda subcristata,Pacific Baza,Accipitriformes,LC,,,,,,,,,,,,,,,,,
Aviceda leuphotes,Black Baza,Accipitriformes,LC,,,,,,,,,,,,,,,,,
Pernis apivorus,European Honey-buzzard,Accipitriformes,LC,,,,,,,,,,,,,,,,,
Pernis ptilorhynchus,Oriental Honey-buzzard,Accipitriformes,LC,,,,,,,,,,,,,,,,,
Pernis celebensis,Sulawesi Honey-buzzard,Accipitriformes,LC,,,,,,,,,,,,,,,,,
Pernis steerei,Philippine Honey-buzzard,Accipitriformes,LC,,,,,,,,,,,,,,,,,
Elanoides forficatus,Swallow-tailed Kite,Accipitriformes,LC,,,,,,,,,,,,,,,,,
Hamirostra melanosternon,Black-breasted Kite,Accipitriformes,LC,,,,,,,,,,,,,,,,,
Lophoictinia isura,Square-tailed Kite,Accipitriformes,LC,,,,,,,,,,,,,,,,,
Henicopernis longicauda,Long-tailed Honey-buzzard,Accipitriformes,LC,,,,,,,,,,,,,,,,,
Henicopernis infuscatus,Black Honey-buzzard,Accipitriformes,VU,,,,,,,,,,,,,,,,,
Sarcogyps calvus,Red-headed Vulture,Accipitriformes,CR,,,,,,,,,,,,,,,,,
Trigonoceps occipitalis,White-headed Vulture,Accipitriformes,CR,,,,,,,,,,,,,,,,,
Aegypius monachus,Cinereous Vulture,Accipitriformes,NT,,,,,,,,,,,,,,,,,
Torgos tracheliotos,Lappet-faced Vulture,Accipitriformes,EN,,,,,,,,,,,,,,,,,
Necrosyrtes monachus,Hooded Vulture,Accipitriformes,CR,,,,,,,,,,,,,,,,,
Gyps himalayensis,Himalayan Griffon,Accipitriformes,NT,,,,,,,,,,,,,,,,,
Gyps bengalensis,White-rumped Vulture,Accipitriformes,CR,,,,,,,,,,,,,,,,,
Gyps africanus,White-backed Vulture,Accipitriformes,CR,,,,,,,,,,,,,,,,,
Gyps indicus,Indian Vulture,Accipitriformes,CR,,,,,,,,,,,,,,,,,
Gyps tenuirostris,Slender-billed Vulture,Accipitriformes,CR,,,,,,,,,,,,,,,,,
Gyps coprotheres,Cape Griffon,Accipitriformes,VU,,,,,,,,,,,,,,,,,
Gyps rueppelli,Rüppell's Griffon,Accipitriformes,CR,,,,,,,,,,,,,,,,,
Gyps fulvus,Eurasian Griffon,Accipitriformes,LC,,,,,,,,,,,,,,,,,
Spilornis klossi,Nicobar Serpent-Eagle,Accipitriformes,EN,,,,,,,,,,,,,,,,,
Spilornis rufipectus,Sulawesi Serpent-Eagle,Accipitriformes,LC,,,,,,,,,,,,,,,,,
Spilornis kinabaluensis,Mountain Serpent-Eagle,Accipitriformes,NT,,,,,,,,,,,,,,,,,
Spilornis cheela,Crested Serpent-Eagle,Accipitriformes,LC,,,,,,,,,,,,,,,,,
Spilornis holospilus,Philippine Serpent-Eagle,Accipitriformes,LC,,,,,,,,,,,,,,,,,
Spilornis elgini,Andaman Serpent-Eagle,Accipitriformes,VU,,,,,,,,,,,,,,,,,
Pithecophaga jefferyi,Philippine Eagle,Accipitriformes,CR,,,,,,,,,,,,,,,,,
Terathopius ecaudatus,Bateleur,Accipitriformes,EN,,,,,,,,,,,,,,,,,
Circaetus cinerascens,Western Banded Snake-Eagle,Accipitriformes,LC,,,,,,,,,,,,,,,,,
Circaetus fasciolatus,Southern Banded Snake-Eagle,Accipitriformes,NT,,,,,,,,,,,,,,,,,
Circaetus spectabilis,Congo Snake-Eagle,Accipitriformes,LC,,,,,,,,,,,,,,,,,
Circaetus beaudouini,Beaudouin's Snake-Eagle,Accipitriformes,VU,,,,,,,,,,,,,,,,,
Circaetus pectoralis,Black-chested Snake-Eagle,Accipitriformes,LC,,,,,,,,,,,,,,,,,
Circaetus gallicus,Short-toed Snake-Eagle,Accipitriformes,LC,,,,,,,,,,,,,,,,,
Circaetus cinereus,Brown Snake-Eagle,Accipitriformes,LC,,,,,,,,,,,,,,,,,
Stephanoaetus coronatus,Crowned Eagle,Accipitriformes,NT,,,,,,,,,,,,,,,,,
Nisaetus nanus,Wallace's Hawk-Eagle,Accipitriformes,VU,,,,,,,,,,,,,,,,,
Nisaetus kelaarti,Legge's Hawk-Eagle,Accipitriformes,,,,,,,,,,,,,,,,,,
Nisaetus nipalensis,Mountain Hawk-Eagle,Accipitriformes,,,,,,,,,,,,,,,,,,
Nisaetus alboniger,Blyth's Hawk-Eagle,Accipitriformes,LC,,,,,,,,,,,,,,,,,
Nisaetus bartelsi,Javan Hawk-Eagle,Accipitriformes,EN,,,,,,,,,,,,,,,,,
Nisaetus lanceolatus,Sulawesi Hawk-Eagle,Accipitriformes,LC,,,,,,,,,,,,,,,,,
Nisaetus pinskeri,Pinsker's Hawk-Eagle,Accipitriformes,EN,,,,,,,,,,,,,,,,,
Nisaetus philippensis,Philippine Hawk-Eagle,Accipitriformes,EN,,,,,,,,,,,,,,,,,
Nisaetus cirrhatus,Changeable Hawk-Eagle,Accipitriformes,LC,,,,,,,,,,,,,,,,,
Nisaetus floris,Flores Hawk-Eagle,Accipitriformes,EN,,,,,,,,,,,,,,,,,
Spizaetus tyrannus,Black Hawk-Eagle,Accipitriformes,LC,,,,,,,,,,,,,,,,,
Spizaetus melanoleucus,Black-and-white Hawk-Eagle,Accipitriformes,LC,,,,,,,,,,,,,,,,,
Spizaetus ornatus,Ornate Hawk-Eagle,Accipitriformes,NT,,,,,,,,,,,,,,,,,
Spizaetus isidori,Black-and-chestnut Eagle,Accipitriformes,EN,,,,,,,,,,,,,,,,,
Lophotriorchis kienerii,Rufous-bellied Eagle,Accipitriformes,NT,,,,,,,,,,,,,,,,,
Polemaetus bellicosus,Martial Eagle,Accipitriformes,EN,,,,,,,,,,,,,,,,,
Lophaetus occipitalis,Long-crested Eagle,Accipitriformes,LC,,,,,,,,,,,,,,,,,
Ictinaetus malaiensis,Black Eagle,Accipitriformes,LC,,,,,,,,,,,,,,,,,
Clanga hastata,Indian Spotted Eagle,Accipitriformes,NT,,,,,,,,,,,,,,,,,
Clanga pomarina,Lesser Spotted Eagle,Accipitriformes,LC,,,,,,,,,,,,,,,,,
Clanga clanga,Greater Spotted Eagle,Accipitriformes,VU,,,,,,,,,,,,,,,,,
Hieraaetus wahlbergi,Wahlberg's Eagle,Accipitriformes,LC,,,,,,,,,,,,,,,,,
Hieraaetus ayresii,Ayres's Hawk-Eagle,Accipitriformes,LC,,,,,,,,,,,,,,,,,
Hieraaetus weiskei,Pygmy Eagle,Accipitriformes,LC,,,,,,,,,,,,,,,,,
Hieraaetus pennatus,Booted Eagle,Accipitriformes,LC,,,,,,,,,,,,,,,,,
Hieraaetus morphnoides,Little Eagle,Accipitriformes,LC,,,,,,,,,,,,,,,,,
Aquila nipalensis,Steppe Eagle,Accipitriformes,EN,,,,,,,,,,,,,,,,,
Aquila heliaca,Imperial Eagle,Accipitriformes,VU,,,,,,,,,,,,,,,,,
Aquila adalberti,Spanish Eagle,Accipitriformes,VU,,,,,,,,,,,,,,,,,
Aquila rapax,Tawny Eagle,Accipitriformes,VU,,,,,,,,,,,,,,,,,
Aquila africana,Cassin's Hawk-Eagle,Accipitriformes,LC,,,,,,,,,,,,,,,,,
Aquila gurneyi,Gurney's Eagle,Accipitriformes,NT,,,,,,,,,,,,,,,,,
Aquila audax,Wedge-tailed Eagle,Accipitriformes,LC,,,,,,,,,,,,,,,,,
Aquila chrysaetos,Golden Eagle,Accipitriformes,LC,,,,,,,,,,,,,,,,,
Aquila verreauxii,Verreaux's Eagle,Accipitriformes,LC,,,,,,,,,,,,,,,,,
Aquila fasciata,Bonelli's Eagle,Accipitriformes,LC,,,,,,,,,,,,,,,,,
Aquila spilogaster,African Hawk-Eagle,Accipitriformes,LC,,,,,,,,,,,,,,,,,
Harpyopsis novaeguineae,New Guinea Eagle,Accipitriformes,VU,,,,,,,,,,,,,,,,,
Macheiramphus alcinus,Bat Hawk,Accipitriformes,LC,,,,,,,,,,,,,,,,,
Morphnus guianensis,Crested Eagle,Accipitriformes,NT,,,,,,,,,,,,,,,,,
Harpia harpyja,Harpy Eagle,Accipitriformes,VU,,,,,,,,,,,,,,,,,
Lophospiza trivirgata,Crested Goshawk,Accipitriformes,LC,,,,,,,,,,,,,,,,,
Lophospiza griseiceps,Sulawesi Goshawk,Accipitriformes,LC,,,,,,,,,,,,,,,,,
Micronisus gabar,Gabar Goshawk,Accipitriformes,LC,,,,,,,,,,,,,,,,,
Urotriorchis macrourus,Long-tailed Hawk,Accipitriformes,LC,,,,,,,,,,,,,,,,,
Melierax metabates,Dark Chanting-Goshawk,Accipitriformes,LC,,,,,,,,,,,,,,,,,
Melierax poliopterus,Eastern Chanting-Goshawk,Accipitriformes,LC,,,,,,,,,,,,,,,,,
Melierax canorus,Pale Chanting-Goshawk,Accipitriformes,LC,,,,,,,,,,,,,,,,,
Kaupifalco monogrammicus,Lizard Buzzard,Accipitriformes,LC,,,,,,,,,,,,,,,,,
Aerospiza tachiro,African Goshawk,Accipitriformes,,,,,,,,,,,,,,,,,,
Aerospiza castanilius,Chestnut-flanked Sparrowhawk,Accipitriformes,LC,,,,,,,,,,,,,,,,,
Tachyspiza erythropus,Red-thighed Sparrowhawk,Accipitriformes,LC,,,,,,,,,,,,,,,,,
Tachyspiza minulla,Little Sparrowhawk,Accipitriformes,LC,,,,,,,,,,,,,,,,,
Tachyspiza virgata,Besra,Accipitriformes,LC,,,,,,,,,,,,,,,,,
Tachyspiza nanus,Small Sparrowhawk,Accipitriformes,LC,,,,,,,,,,,,,,,,,
Tachyspiza erythrauchen,Rufous-necked Sparrowhawk,Accipitriformes,LC,,,,,,,,,,,,,,,,,
Tachyspiza cirrocephala,Collared Sparrowhawk,Accipitriformes,LC,,,,,,,,,,,,,,,,,
Tachyspiza brachyura,New Britain Sparrowhawk,Accipitriformes,VU,,,,,,,,,,,,,,,,,
Tachyspiza rhodogaster,Vinous-breasted Sparrowhawk,Accipitriformes,LC,,,,,,,,,,,,,,,,,
Tachyspiza gularis,Japanese Sparrowhawk,Accipitriformes,LC,,,,,,,,,,,,,,,,,
Tachyspiza badia,Shikra,Accipitriformes,LC,,,,,,,,,,,,,,,,,
Tachyspiza butleri,Nicobar Sparrowhawk,Accipitriformes,VU,,,,,,,,,,,,,,,,,
Tachyspiza brevipes,Levant Sparrowhawk,Accipitriformes,LC,,,,,,,,,,,,,,,,,
Tachyspiza soloensis,Chinese Sparrowhawk,Accipitriformes,LC,,,,,,,,,,,,,,,,,
Tachyspiza imitator,Imitator Sparrowhawk,Accipitriformes,NT,,,,,,,,,,,,,,,,,
Tachyspiza francesiae,Frances's Sparrowhawk,Accipitriformes,LC,,,,,,,,,,,,,,,,,
Tachyspiza trinotata,Spot-tailed Goshawk,Accipitriformes,LC,,,,,,,,,,,,,,,,,
Tachyspiza poliocephala,Gray-headed Goshawk,Accipitriformes,LC,,,,,,,,,,,,,,,,,
Tachyspiza princeps,New Britain Goshawk,Accipitriformes,VU,,,,,,,,,,,,,,,,,
Tachyspiza novaehollandiae,Gray Goshawk,Accipitriformes,LC,,,,,,,,,,,,,,,,,
Tachyspiza hiogaster,Variable Goshawk,Accipitriformes,,,,,,,,,,,,,,,,,,
Tachyspiza melanochlamys,Black-mantled Goshawk,Accipitriformes,LC,,,,,,,,,,,,,,,,,
Tachyspiza albogularis,Pied Goshawk,Accipitriformes,LC,,,,,,,,,,,,,,,,,
Tachyspiza rufitorques,Fiji Goshawk,Accipitriformes,LC,,,,,,,,,,,,,,,,,
Tachyspiza henicogramma,Moluccan Goshawk,Accipitriformes,NT,,,,,,,,,,,,,,,,,
Tachyspiza luteoschistacea,Slaty-mantled Goshawk,Accipitriformes,VU,,,,,,,,,,,,,,,,,
Tachyspiza haplochroa,New Caledonian Goshawk,Accipitriformes,NT,,,,,,,,,,,,,,,,,
Tachyspiza fasciata,Brown Goshawk,Accipitriformes,LC,,,,,,,,,,,,,,,,,
Erythrotriorchis buergersi,Chestnut-shouldered Goshawk,Accipitriformes,NT,,,,,,,,,,,,,,,,,
Erythrotriorchis radiatus,Red Goshawk,Accipitriformes,EN,,,,,,,,,,,,,,,,,
Accipiter poliogaster,Gray-bellied Hawk,Accipitriformes,NT,,,,,,,,,,,,,,,,,
Accipiter ovampensis,Ovambo Sparrowhawk,Accipitriformes,LC,,,,,,,,,,,,,,,,,
Accipiter madagascariensis,Madagascar Sparrowhawk,Accipitriformes,NT,,,,,,,,,,,,,,,,,
Accipiter nisus,Eurasian Sparrowhawk,Accipitriformes,LC,,,,,,,,,,,,,,,,,
Accipiter rufiventris,Rufous-breasted Sparrowhawk,Accipitriformes,LC,,,,,,,,,,,,,,,,,
Accipiter striatus,Sharp-shinned Hawk,Accipitriformes,LC,,,,,,,,,,,,,,,,,
Astur bicolor,Bicolored Hawk,Accipitriformes,,,,,,,,,,,,,,,,,,
Astur chilensis,Chilean Hawk,Accipitriformes,,,,,,,,,,,,,,,,,,
Astur cooperii,Cooper's Hawk,Accipitriformes,LC,,,,,,,,,,,,,,,,,
Astur gundlachi,Gundlach's Hawk,Accipitriformes,EN,,,,,,,,,,,,,,,,,
Astur gentilis,Eurasian Goshawk,Accipitriformes,,,,,,,,,,,,,,,,,,
Astur atricapillus,American Goshawk,Accipitriformes,,,,,,,,,,,,,,,,,,
Astur meyerianus,Meyer's Goshawk,Accipitriformes,LC,,,,,,,,,,,,,,,,,
Astur melanoleucus,Black Goshawk,Accipitriformes,LC,,,,,,,,,,,,,,,,,
Astur henstii,Henst's Goshawk,Accipitriformes,VU,,,,,,,,,,,,,,,,,
Megatriorchis doriae,Doria's Hawk,Accipitriformes,LC,,,,,,,,,,,,,,,,,
Circus aeruginosus,Western Marsh Harrier,Accipitriformes,LC,,,,,,,,,,,,,,,,,
Circus ranivorus,African Marsh Harrier,Accipitriformes,LC,,,,,,,,,,,,,,,,,
Circus spilonotus,Eastern Marsh Harrier,Accipitriformes,LC,,,,,,,,,,,,,,,,,
Circus spilothorax,Papuan Harrier,Accipitriformes,LC,,,,,,,,,,,,,,,,,
Circus approximans,Swamp Harrier,Accipitriformes,LC,,,,,,,,,,,,,,,,,
Circus maillardi,Reunion Harrier,Accipitriformes,EN,,,,,,,,,,,,,,,,,
Circus macrosceles,Malagasy Harrier,Accipitriformes,EN,,,,,,,,,,,,,,,,,
Circus buffoni,Long-winged Harrier,Accipitriformes,LC,,,,,,,,,,,,,,,,,
Circus assimilis,Spotted Harrier,Accipitriformes,LC,,,,,,,,,,,,,,,,,
Circus maurus,Black Harrier,Accipitriformes,EN,,,,,,,,,,,,,,,,,
Circus cinereus,Cinereous Harrier,Accipitriformes,LC,,,,,,,,,,,,,,,,,
Circus cyaneus,Hen Harrier,Accipitriformes,LC,,,,,,,,,,,,,,,,,
Circus hudsonius,Northern Harrier,Accipitriformes,LC,,,,,,,,,,,,,,,,,
Circus macrourus,Pallid Harrier,Accipitriformes,NT,,,,,,,,,,,,,,,,,
Circus melanoleucos,Pied Harrier,Accipitriformes,LC,,,,,,,,,,,,,,,,,
Circus pygargus,Montagu's Harrier,Accipitriformes,LC,,,,,,,,,,,,,,,,,
Microspizias superciliosus,Tiny Hawk,Accipitriformes,LC,,,,,,,,,,,,,,,,,
Microspizias collaris,Semicollared Hawk,Accipitriformes,LC,,,,,,,,,,,,,,,,,
Harpagus bidentatus,Double-toothed Kite,Accipitriformes,LC,,,,,,,,,,,,,,,,,
Harpagus diodon,Rufous-thighed Kite,Accipitriformes,LC,,,,,,,,,,,,,,,,,
Milvus milvus,Red Kite,Accipitriformes,LC,,,,,,,,,,,,,,,,,
Milvus migrans,Black Kite,Accipitriformes,,,,,,,,,,,,,,,,,,
Haliastur indus,Brahminy Kite,Accipitriformes,LC,,,,,,,,,,,,,,,,,
Haliastur sphenurus,Whistling Kite,Accipitriformes,LC,,,,,,,,,,,,,,,,,
Haliaeetus albicilla,White-tailed Eagle,Accipitriformes,LC,,,,,,,,,,,,,,,,,
Haliaeetus leucocephalus,Bald Eagle,Accipitriformes,LC,,,,,,,,,,,,,,,,,
Haliaeetus leucoryphus,Pallas's Fish-Eagle,Accipitriformes,EN,,,,,,,,,,,,,,,,,
Haliaeetus pelagicus,Steller's Sea-Eagle,Accipitriformes,VU,,,,,,,,,,,,,,,,,
Icthyophaga vocifer,African Fish-Eagle,Accipitriformes,LC,,,,,,,,,,,,,,,,,
Icthyophaga vociferoides,Madagascar Fish-Eagle,Accipitriformes,CR,,,,,,,,,,,,,,,,,
Icthyophaga leucogaster,White-bellied Sea-Eagle,Accipitriformes,LC,,,,,,,,,,,,,,,,,
Icthyophaga sanfordi,Sanford's Sea-Eagle,Accipitriformes,VU,,,,,,,,,,,,,,,,,
Icthyophaga humilis,Lesser Fish-Eagle,Accipitriformes,NT,,,,,,,,,,,,,,,,,
Icthyophaga ichthyaetus,Gray-headed Fish-Eagle,Accipitriformes,NT,,,,,,,,,,,,,,,,,
Butastur liventer,Rufous-winged Buzzard,Accipitriformes,LC,,,,,,,,,,,,,,,,,
Butastur rufipennis,Grasshopper Buzzard,Accipitriformes,LC,,,,,,,,,,,,,,,,,
Butastur teesa,White-eyed Buzzard,Accipitriformes,LC,,,,,,,,,,,,,,,,,
Butastur indicus,Gray-faced Buzzard,Accipitriformes,LC,,,,,,,,,,,,,,,,,
Ictinia mississippiensis,Mississippi Kite,Accipitriformes,LC,,,,,,,,,,,,,,,,,
Ictinia plumbea,Plumbeous Kite,Accipitriformes,LC,,,,,,,,,,,,,,,,,
Geranospiza caerulescens,Crane Hawk,Accipitriformes,LC,,,,,,,,,,,,,,,,,
Busarellus nigricollis,Black-collared Hawk,Accipitriformes,LC,,,,,,,,,,,,,,,,,
Rostrhamus sociabilis,Snail Kite,Accipitriformes,LC,,,,,,,,,,,,,,,,,
Helicolestes hamatus,Slender-billed Kite,Accipitriformes,LC,,,,,,,,,,,,,,,,,
Morphnarchus princeps,Barred Hawk,Accipitriformes,LC,,,,,,,,,,,,,,,,,
Cryptoleucopteryx plumbea,Plumbeous Hawk,Accipitriformes,NT,,,,,,,,,,,,,,,,,
Buteogallus schistaceus,Slate-colored Hawk,Accipitriformes,LC,,,,,,,,,,,,,,,,,
Buteogallus anthracinus,Common Black Hawk,Accipitriformes,LC,,,,,,,,,,,,,,,,,
Buteogallus gundlachii,Cuban Black Hawk,Accipitriformes,NT,,,,,,,,,,,,,,,,,
Buteogallus aequinoctialis,Rufous Crab Hawk,Accipitriformes,NT,,,,,,,,,,,,,,,,,
Buteogallus meridionalis,Savanna Hawk,Accipitriformes,LC,,,,,,,,,,,,,,,,,
Buteogallus lacernulatus,White-necked Hawk,Accipitriformes,NT,,,,,,,,,,,,,,,,,
Buteogallus urubitinga,Great Black Hawk,Accipitriformes,LC,,,,,,,,,,,,,,,,,
Buteogallus solitarius,Solitary Eagle,Accipitriformes,NT,,,,,,,,,,,,,,,,,
Buteogallus coronatus,Chaco Eagle,Accipitriformes,EN,,,,,,,,,,,,,,,,,
Rupornis magnirostris,Roadside Hawk,Accipitriformes,LC,,,,,,,,,,,,,,,,,
Parabuteo unicinctus,Harris's Hawk,Accipitriformes,LC,,,,,,,,,,,,,,,,,
Parabuteo leucorrhous,White-rumped Hawk,Accipitriformes,LC,,,,,,,,,,,,,,,,,
Geranoaetus albicaudatus,White-tailed Hawk,Accipitriformes,LC,,,,,,,,,,,,,,,,,
Geranoaetus polyosoma,Variable Hawk,Accipitriformes,LC,,,,,,,,,,,,,,,,,
Geranoaetus melanoleucus,Black-chested Buzzard-Eagle,Accipitriformes,LC,,,,,,,,,,,,,,,,,
Pseudastur occidentalis,Gray-backed Hawk,Accipitriformes,VU,,,,,,,,,,,,,,,,,
Pseudastur albicollis,White Hawk,Accipitriformes,LC,,,,,,,,,,,,,,,,,
Pseudastur polionotus,Mantled Hawk,Accipitriformes,NT,,,,,,,,,,,,,,,,,
Leucopternis semiplumbeus,Semiplumbeous Hawk,Accipitriformes,LC,,,,,,,,,,,,,,,,,
Leucopternis melanops,Black-faced Hawk,Accipitriformes,LC,,,,,,,,,,,,,,,,,
Leucopternis kuhli,White-browed Hawk,Accipitriformes,LC,,,,,,,,,,,,,,,,,
Bermuteo avivorus,Bermuda Hawk,Accipitriformes,EX,,,,,,,,,,,,,,,,,
Buteo plagiatus,Gray Hawk,Accipitriformes,LC,,,,,,,,,,,,,,,,,
Buteo nitidus,Gray-lined Hawk,Accipitriformes,LC,,,,,,,,,,,,,,,,,
Buteo platypterus,Broad-winged Hawk,Accipitriformes,LC,,,,,,,,,,,,,,,,,
Buteo lineatus,Red-shouldered Hawk,Accipitriformes,LC,,,,,,,,,,,,,,,,,
Buteo ridgwayi,Ridgway's Hawk,Accipitriformes,CR,,,,,,,,,,,,,,,,,
Buteo albonotatus,Zone-tailed Hawk,Accipitriformes,LC,,,,,,,,,,,,,,,,,
Buteo solitarius,Hawaiian Hawk,Accipitriformes,NT,,,,,,,,,,,,,,,,,
Buteo albigula,White-throated Hawk,Accipitriformes,LC,,,,,,,,,,,,,,,,,
Buteo brachyurus,Short-tailed Hawk,Accipitriformes,LC,,,,,,,,,,,,,,,,,
Buteo swainsoni,Swainson's Hawk,Accipitriformes,LC,,,,,,,,,,,,,,,,,
Buteo galapagoensis,Galapagos Hawk,Accipitriformes,VU,,,,,,,,,,,,,,,,,
Buteo jamaicensis,Red-tailed Hawk,Accipitriformes,LC,,,,,,,,,,,,,,,,,
Buteo ventralis,Rufous-tailed Hawk,Accipitriformes,EN,,,,,,,,,,,,,,,,,
Buteo lagopus,Rough-legged Hawk,Accipitriformes,LC,,,,,,,,,,,,,,,,,
Buteo regalis,Ferruginous Hawk,Accipitriformes,LC,,,,,,,,,,,,,,,,,
Buteo auguralis,Red-necked Buzzard,Accipitriformes,LC,,,,,,,,,,,,,,,,,
Buteo augur,Augur Buzzard,Accipitriformes,LC,,,,,,,,,,,,,,,,,
Buteo rufofuscus,Jackal Buzzard,Accipitriformes,LC,,,,,,,,,,,,,,,,,
Buteo oreophilus,Mountain Buzzard,Accipitriformes,NT,,,,,,,,,,,,,,,,,
Buteo buteo,Common Buzzard,Accipitriformes,LC,,,,,,,,,,,,,,,,,
Buteo trizonatus,Forest Buzzard,Accipitriformes,NT,,,,,,,,,,,,,,,,,
Buteo brachypterus,Madagascar Buzzard,Accipitriformes,LC,,,,,,,,,,,,,,,,,
Buteo socotraensis,Socotra Buzzard,Accipitriformes,VU,,,,,,,,,,,,,,,,,
Buteo rufinus,Long-legged Buzzard,Accipitriformes,LC,,,,,,,,,,,,,,,,,
Buteo hemilasius,Upland Buzzard,Accipitriformes,LC,,,,,,,,,,,,,,,,,
Buteo refectus,Himalayan Buzzard,Accipitriformes,LC,,,,,,,,,,,,,,,,,
Buteo japonicus,Eastern Buzzard,Accipitriformes,LC,,,,,,,,,,,,,,,,,
Tyto tenebricosa,Sooty Owl,Strigiformes,,,,,,,,,,,,,,,,,,
Tyto novaehollandiae,Australian Masked-Owl,Strigiformes,,,,,,,,,,,,,,,,,,
Tyto aurantia,Golden Masked-Owl,Strigiformes,VU,,,,,,,,,,,,,,,,,
Tyto almae,Seram Masked-Owl,Strigiformes,,,,,,,,,,,,,,,,,,
Tyto sororcula,Lesser Masked-Owl,Strigiformes,,,,,,,,,,,,,,,,,,
Tyto manusi,Manus Masked-Owl,Strigiformes,,,,,,,,,,,,,,,,,,
Tyto nigrobrunnea,Taliabu Masked-Owl,Strigiformes,NT,,,,,,,,,,,,,,,,,
Tyto inexspectata,Minahasa Masked-Owl,Strigiformes,LC,,,,,,,,,,,,,,,,,
Tyto rosenbergii,Sulawesi Masked-Owl,Strigiformes,LC,,,,,,,,,,,,,,,,,
Tyto prigoginei,Itombwe Owl,Strigiformes,DD,,,,,,,,,,,,,,,,,
Tyto longimembris,Australasian Grass-Owl,Strigiformes,LC,,,,,,,,,,,,,,,,,
Tyto capensis,African Grass-Owl,Strigiformes,LC,,,,,,,,,,,,,,,,,
Tyto alba,Western Barn Owl,Strigiformes,,,,,,,,,,,,,,,,,,
Tyto javanica,Eastern Barn Owl,Strigiformes,,,,,,,,,,,,,,,,,,
Tyto furcata,American Barn Owl,Strigiformes,,,,,,,,,,,,,,,,,,
Tyto deroepstorffi,Andaman Masked-Owl,Strigiformes,,,,,,,,,,,,,,,,,,
Tyto glaucops,Ashy-faced Owl,Strigiformes,,,,,,,,,,,,,,,,,,
Tyto soumagnei,Red Owl,Strigiformes,VU,,,,,,,,,,,,,,,,,
Phodilus badius,Oriental Bay-Owl,Strigiformes,LC,,,,,,,,,,,,,,,,,
Phodilus assimilis,Sri Lanka Bay-Owl,Strigiformes,LC,,,,,,,,,,,,,,,,,
Otus sagittatus,White-fronted Scops-Owl,Strigiformes,VU,,,,,,,,,,,,,,,,,
Otus balli,Andaman Scops-Owl,Strigiformes,LC,,,,,,,,,,,,,,,,,
Otus rufescens,Reddish Scops-Owl,Strigiformes,NT,,,,,,,,,,,,,,,,,
Otus thilohoffmanni,Serendib Scops-Owl,Strigiformes,EN,,,,,,,,,,,,,,,,,
Otus icterorhynchus,Sandy Scops-Owl,Strigiformes,LC,,,,,,,,,,,,,,,,,
Otus ireneae,Sokoke Scops-Owl,Strigiformes,EN,,,,,,,,,,,,,,,,,
Otus alfredi,Flores Scops-Owl,Strigiformes,VU,,,,,,,,,,,,,,,,,
Otus spilocephalus,Mountain Scops-Owl,Strigiformes,,,,,,,,,,,,,,,,,,
Otus brookii,Rajah Scops-Owl,Strigiformes,LC,,,,,,,,,,,,,,,,,
Otus angelinae,Javan Scops-Owl,Strigiformes,NT,,,,,,,,,,,,,,,,,
Otus mentawi,Mentawai Scops-Owl,Strigiformes,LC,,,,,,,,,,,,,,,,,
Otus bakkamoena,Indian Scops-Owl,Strigiformes,LC,,,,,,,,,,,,,,,,,
Otus lettia,Collared Scops-Owl,Strigiformes,,,,,,,,,,,,,,,,,,
Otus gurneyi,Giant Scops-Owl,Strigiformes,NT,,,,,,,,,,,,,,,,,
Otus lempiji,Sunda Scops-Owl,Strigiformes,,,,,,,,,,,,,,,,,,
Otus semitorques,Japanese Scops-Owl,Strigiformes,LC,,,,,,,,,,,,,,,,,
Otus silvicola,Wallace's Scops-Owl,Strigiformes,LC,,,,,,,,,,,,,,,,,
Otus fuliginosus,Palawan Scops-Owl,Strigiformes,LC,,,,,,,,,,,,,,,,,
Otus megalotis,Philippine Scops-Owl,Strigiformes,LC,,,,,,,,,,,,,,,,,
Otus everetti,Everett's Scops-Owl,Strigiformes,LC,,,,,,,,,,,,,,,,,
Otus nigrorum,Negros Scops-Owl,Strigiformes,NT,,,,,,,,,,,,,,,,,
Otus mindorensis,Mindoro Scops-Owl,Strigiformes,NT,,,,,,,,,,,,,,,,,
Otus magicus,Moluccan Scops-Owl,Strigiformes,LC,,,,,,,,,,,,,,,,,
Otus tempestatis,Wetar Scops-Owl,Strigiformes,LC,,,,,,,,,,,,,,,,,
Otus jolandae,Rinjani Scops-Owl,Strigiformes,NT,,,,,,,,,,,,,,,,,
Otus podarginus,Palau Scops-Owl,Strigiformes,LC,,,,,,,,,,,,,,,,,
Otus mantananensis,Mantanani Scops-Owl,Strigiformes,LC,,,,,,,,,,,,,,,,,
Otus elegans,Ryukyu Scops-Owl,Strigiformes,NT,,,,,,,,,,,,,,,,,
Otus manadensis,Sulawesi Scops-Owl,Strigiformes,LC,,,,,,,,,,,,,,,,,
Otus mendeni,Banggai Scops-Owl,Strigiformes,NT,,,,,,,,,,,,,,,,,
Otus collari,Sangihe Scops-Owl,Strigiformes,LC,,,,,,,,,,,,,,,,,
Otus siaoensis,Siau Scops-Owl,Strigiformes,CR,,,,,,,,,,,,,,,,,
Otus sulaensis,Sula Scops-Owl,Strigiformes,NT,,,,,,,,,,,,,,,,,
Otus beccarii,Biak Scops-Owl,Strigiformes,NT,,,,,,,,,,,,,,,,,
Otus umbra,Simeulue Scops-Owl,Strigiformes,LC,,,,,,,,,,,,,,,,,
Otus enganensis,Enggano Scops-Owl,Strigiformes,LC,,,,,,,,,,,,,,,,,
Otus alius,Nicobar Scops-Owl,Strigiformes,NT,,,,,,,,,,,,,,,,,
Otus pamelae,Arabian Scops-Owl,Strigiformes,LC,,,,,,,,,,,,,,,,,
Otus scops,Eurasian Scops-Owl,Strigiformes,LC,,,,,,,,,,,,,,,,,
Otus cyprius,Cyprus Scops-Owl,Strigiformes,LC,,,,,,,,,,,,,,,,,
Otus bikegila,Principe Scops-Owl,Strigiformes,CR,,,,,,,,,,,,,,,,,
Otus pembaensis,Pemba Scops-Owl,Strigiformes,VU,,,,,,,,,,,,,,,,,
Otus hartlaubi,Sao Tome Scops-Owl,Strigiformes,VU,,,,,,,,,,,,,,,,,
Otus senegalensis,African Scops-Owl,Strigiformes,LC,,,,,,,,,,,,,,,,,
Otus brucei,Pallid Scops-Owl,Strigiformes,LC,,,,,,,,,,,,,,,,,
Otus mirus,Mindanao Scops-Owl,Strigiformes,LC,,,,,,,,,,,,,,,,,
Otus longicornis,Luzon Scops-Owl,Strigiformes,LC,,,,,,,,,,,,,,,,,
Otus moheliensis,Moheli Scops-Owl,Strigiformes,EN,,,,,,,,,,,,,,,,,
Otus pauliani,Comoro Scops-Owl,Strigiformes,EN,,,,,,,,,,,,,,,,,
Otus insularis,Seychelles Scops-Owl,Strigiformes,CR,,,,,,,,,,,,,,,,,
Otus sunia,Oriental Scops-Owl,Strigiformes,LC,,,,,,,,,,,,,,,,,
Otus socotranus,Socotra Scops-Owl,Strigiformes,LC,,,,,,,,,,,,,,,,,
Otus capnodes,Anjouan Scops-Owl,Strigiformes,EN,,,,,,,,,,,,,,,,,
Otus mayottensis,Mayotte Scops-Owl,Strigiformes,LC,,,,,,,,,,,,,,,,,
Otus grucheti,Reunion Scops-Owl,Strigiformes,EX,,,,,,,,,,,,,,,,,
Otus murivorus,Rodrigues Scops-Owl,Strigiformes,EX,,,,,,,,,,,,,,,,,
Otus sauzieri,Mauritius Scops-Owl,Strigiformes,EX,,,,,,,,,,,,,,,,,
Otus rutilus,Madagascar Scops-Owl,Strigiformes,LC,,,,,,,,,,,,,,,,,
Psiloscops flammeolus,Flammulated Owl,Strigiformes,LC,,,,,,,,,,,,,,,,,
Gymnasio nudipes,Puerto Rican Owl,Strigiformes,LC,,,,,,,,,,,,,,,,,
Megascops clarkii,Bare-shanked Screech-Owl,Strigiformes,LC,,,,,,,,,,,,,,,,,
Megascops trichopsis,Whiskered Screech-Owl,Strigiformes,LC,,,,,,,,,,,,,,,,,
Megascops albogularis,White-throated Screech-Owl,Strigiformes,LC,,,,,,,,,,,,,,,,,
Megascops choliba,Tropical Screech-Owl,Strigiformes,LC,,,,,,,,,,,,,,,,,
Megascops koepckeae,Koepcke's Screech-Owl,Strigiformes,LC,,,,,,,,,,,,,,,,,
Megascops ingens,Rufescent Screech-Owl,Strigiformes,LC,,,,,,,,,,,,,,,,,
Megascops petersoni,Cinnamon Screech-Owl,Strigiformes,LC,,,,,,,,,,,,,,,,,
Megascops marshalli,Cloud-forest Screech-Owl,Strigiformes,LC,,,,,,,,,,,,,,,,,
Megascops hoyi,Montane Forest Screech-Owl,Strigiformes,LC,,,,,,,,,,,,,,,,,
Megascops guatemalae,Middle American Screech-Owl,Strigiformes,,,,,,,,,,,,,,,,,,
Megascops centralis,Choco Screech-Owl,Strigiformes,,,,,,,,,,,,,,,,,,
Megascops roraimae,Foothill Screech-Owl,Strigiformes,,,,,,,,,,,,,,,,,,
Megascops sanctaecatarinae,Long-tufted Screech-Owl,Strigiformes,LC,,,,,,,,,,,,,,,,,
Megascops barbarus,Bearded Screech-Owl,Strigiformes,LC,,,,,,,,,,,,,,,,,
Megascops seductus,Balsas Screech-Owl,Strigiformes,LC,,,,,,,,,,,,,,,,,
Megascops cooperi,Pacific Screech-Owl,Strigiformes,LC,,,,,,,,,,,,,,,,,
Megascops kennicottii,Western Screech-Owl,Strigiformes,LC,,,,,,,,,,,,,,,,,
Megascops asio,Eastern Screech-Owl,Strigiformes,LC,,,,,,,,,,,,,,,,,
Megascops gilesi,Santa Marta Screech-Owl,Strigiformes,VU,,,,,,,,,,,,,,,,,
Megascops roboratus,Peruvian Screech-Owl,Strigiformes,LC,,,,,,,,,,,,,,,,,
Megascops watsonii,Tawny-bellied Screech-Owl,Strigiformes,LC,,,,,,,,,,,,,,,,,
Megascops atricapilla,Black-capped Screech-Owl,Strigiformes,LC,,,,,,,,,,,,,,,,,
Margarobyas lawrencii,Bare-legged Owl,Strigiformes,LC,,,,,,,,,,,,,,,,,
Ptilopsis leucotis,Northern White-faced Owl,Strigiformes,LC,,,,,,,,,,,,,,,,,
Ptilopsis granti,Southern White-faced Owl,Strigiformes,LC,,,,,,,,,,,,,,,,,
Lophostrix cristata,Crested Owl,Strigiformes,LC,,,,,,,,,,,,,,,,,
Jubula lettii,Maned Owl,Strigiformes,LC,,,,,,,,,,,,,,,,,
Pulsatrix perspicillata,Spectacled Owl,Strigiformes,LC,,,,,,,,,,,,,,,,,
Pulsatrix koeniswaldiana,Tawny-browed Owl,Strigiformes,LC,,,,,,,,,,,,,,,,,
Pulsatrix melanota,Band-bellied Owl,Strigiformes,LC,,,,,,,,,,,,,,,,,
Bubo scandiacus,Snowy Owl,Strigiformes,VU,,,,,,,,,,,,,,,,,
Bubo virginianus,Great Horned Owl,Strigiformes,LC,,,,,,,,,,,,,,,,,
Bubo magellanicus,Lesser Horned Owl,Strigiformes,LC,,,,,,,,,,,,,,,,,
Bubo bengalensis,Rock Eagle-Owl,Strigiformes,LC,,,,,,,,,,,,,,,,,
Bubo cinerascens,Grayish Eagle-Owl,Strigiformes,LC,,,,,,,,,,,,,,,,,
Bubo africanus,Spotted Eagle-Owl,Strigiformes,LC,,,,,,,,,,,,,,,,,
Bubo milesi,Arabian Eagle-Owl,Strigiformes,LC,,,,,,,,,,,,,,,,,
Bubo capensis,Cape Eagle-Owl,Strigiformes,LC,,,,,,,,,,,,,,,,,
Bubo ascalaphus,Pharaoh Eagle-Owl,Strigiformes,LC,,,,,,,,,,,,,,,,,
Bubo bubo,Eurasian Eagle-Owl,Strigiformes,LC,,,,,,,,,,,,,,,,,
Ketupa poensis,Fraser's Eagle-Owl,Strigiformes,LC,,,,,,,,,,,,,,,,,
Ketupa leucosticta,Akun Eagle-Owl,Strigiformes,LC,,,,,,,,,,,,,,,,,
Ketupa lactea,Verreaux's Eagle-Owl,Strigiformes,LC,,,,,,,,,,,,,,,,,
Ketupa shelleyi,Shelley's Eagle-Owl,Strigiformes,VU,,,,,,,,,,,,,,,,,
Ketupa blakistoni,Blakiston's Fish-Owl,Strigiformes,VU,,,,,,,,,,,,,,,,,
Ketupa ketupu,Buffy Fish-Owl,Strigiformes,LC,,,,,,,,,,,,,,,,,
Ketupa zeylonensis,Brown Fish-Owl,Strigiformes,LC,,,,,,,,,,,,,,,,,
Ketupa flavipes,Tawny Fish-Owl,Strigiformes,LC,,,,,,,,,,,,,,,,,
Ketupa coromanda,Dusky Eagle-Owl,Strigiformes,LC,,,,,,,,,,,,,,,,,
Ketupa nipalensis,Spot-bellied Eagle-Owl,Strigiformes,LC,,,,,,,,,,,,,,,,,
Ketupa sumatrana,Barred Eagle-Owl,Strigiformes,NT,,,,,,,,,,,,,,,,,
Ketupa philippensis,Philippine Eagle-Owl,Strigiformes,VU,,,,,,,,,,,,,,,,,
Scotopelia peli,Pel's Fishing-Owl,Strigiformes,LC,,,,,,,,,,,,,,,,,
Scotopelia ussheri,Rufous Fishing-Owl,Strigiformes,VU,,,,,,,,,,,,,,,,,
Scotopelia bouvieri,Vermiculated Fishing-Owl,Strigiformes,LC,,,,,,,,,,,,,,,,,
Surnia ulula,Northern Hawk Owl,Strigiformes,LC,,,,,,,,,,,,,,,,,
Glaucidium passerinum,Eurasian Pygmy-Owl,Strigiformes,LC,,,,,,,,,,,,,,,,,
Glaucidium perlatum,Pearl-spotted Owlet,Strigiformes,LC,,,,,,,,,,,,,,,,,
Glaucidium gnoma,Northern Pygmy-Owl,Strigiformes,LC,,,,,,,,,,,,,,,,,
Glaucidium costaricanum,Costa Rican Pygmy-Owl,Strigiformes,LC,,,,,,,,,,,,,,,,,
Glaucidium nubicola,Cloud-forest Pygmy-Owl,Strigiformes,VU,,,,,,,,,,,,,,,,,
Glaucidium jardinii,Andean Pygmy-Owl,Strigiformes,LC,,,,,,,,,,,,,,,,,
Glaucidium bolivianum,Yungas Pygmy-Owl,Strigiformes,LC,,,,,,,,,,,,,,,,,
Glaucidium parkeri,Subtropical Pygmy-Owl,Strigiformes,LC,,,,,,,,,,,,,,,,,
Glaucidium griseiceps,Central American Pygmy-Owl,Strigiformes,LC,,,,,,,,,,,,,,,,,
Glaucidium sanchezi,Tamaulipas Pygmy-Owl,Strigiformes,NT,,,,,,,,,,,,,,,,,
Glaucidium palmarum,Colima Pygmy-Owl,Strigiformes,LC,,,,,,,,,,,,,,,,,
Glaucidium hardyi,Amazonian Pygmy-Owl,Strigiformes,LC,,,,,,,,,,,,,,,,,
Glaucidium mooreorum,Pernambuco Pygmy-Owl,Strigiformes,CR,,,,,,,,,,,,,,,,,
Glaucidium minutissimum,Least Pygmy-Owl,Strigiformes,LC,,,,,,,,,,,,,,,,,
Glaucidium brasilianum,Ferruginous Pygmy-Owl,Strigiformes,LC,,,,,,,,,,,,,,,,,
Glaucidium nana,Austral Pygmy-Owl,Strigiformes,LC,,,,,,,,,,,,,,,,,
Glaucidium peruanum,Peruvian Pygmy-Owl,Strigiformes,LC,,,,,,,,,,,,,,,,,
Glaucidium siju,Cuban Pygmy-Owl,Strigiformes,LC,,,,,,,,,,,,,,,,,
Glaucidium tephronotum,Red-chested Owlet,Strigiformes,LC,,,,,,,,,,,,,,,,,
Glaucidium sjostedti,Sjöstedt's Owlet,Strigiformes,LC,,,,,,,,,,,,,,,,,
Glaucidium cuculoides,Asian Barred Owlet,Strigiformes,LC,,,,,,,,,,,,,,,,,
Glaucidium castanopterum,Javan Owlet,Strigiformes,LC,,,,,,,,,,,,,,,,,
Glaucidium radiatum,Jungle Owlet,Strigiformes,LC,,,,,,,,,,,,,,,,,
Glaucidium castanotum,Chestnut-backed Owlet,Strigiformes,NT,,,,,,,,,,,,,,,,,
Glaucidium capense,African Barred Owlet,Strigiformes,,,,,,,,,,,,,,,,,,
Glaucidium albertinum,Albertine Owlet,Strigiformes,NT,,,,,,,,,,,,,,,,,
Taenioptynx brodiei,Collared Owlet,Strigiformes,LC,,,,,,,,,,,,,,,,,
Taenioptynx sylvaticus,Sunda Owlet,Strigiformes,LC,,,,,,,,,,,,,,,,,
Micrathene whitneyi,Elf Owl,Strigiformes,LC,,,,,,,,,,,,,,,,,
Xenoglaux loweryi,Long-whiskered Owlet,Strigiformes,VU,,,,,,,,,,,,,,,,,
Athene brama,Spotted Owlet,Strigiformes,LC,,,,,,,,,,,,,,,,,
Athene noctua,Little Owl,Strigiformes,LC,,,,,,,,,,,,,,,,,
Athene blewitti,Forest Owlet,Strigiformes,EN,,,,,,,,,,,,,,,,,
Athene jacquinoti,West Solomons Owl,Strigiformes,LC,,,,,,,,,,,,,,,,,
Athene granti,Guadalcanal Owl,Strigiformes,NT,,,,,,,,,,,,,,,,,
Athene malaitae,Malaita Owl,Strigiformes,VU,,,,,,,,,,,,,,,,,
Athene roseoaxillaris,Makira Owl,Strigiformes,VU,,,,,,,,,,,,,,,,,
Athene superciliaris,White-browed Owl,Strigiformes,LC,,,,,,,,,,,,,,,,,
Athene cunicularia,Burrowing Owl,Strigiformes,LC,,,,,,,,,,,,,,,,,
Strix virgata,Mottled Owl,Strigiformes,LC,,,,,,,,,,,,,,,,,
Strix nigrolineata,Black-and-white Owl,Strigiformes,LC,,,,,,,,,,,,,,,,,
Strix huhula,Black-banded Owl,Strigiformes,LC,,,,,,,,,,,,,,,,,
Strix albitarsis,Rufous-banded Owl,Strigiformes,LC,,,,,,,,,,,,,,,,,
Strix seloputo,Spotted Wood-Owl,Strigiformes,LC,,,,,,,,,,,,,,,,,
Strix ocellata,Mottled Wood-Owl,Strigiformes,LC,,,,,,,,,,,,,,,,,
Strix leptogrammica,Brown Wood-Owl,Strigiformes,LC,,,,,,,,,,,,,,,,,
Strix aluco,Tawny Owl,Strigiformes,LC,,,,,,,,,,,,,,,,,
Strix nivicolum,Himalayan Owl,Strigiformes,LC,,,,,,,,,,,,,,,,,
Strix hadorami,Desert Owl,Strigiformes,LC,,,,,,,,,,,,,,,,,
Strix butleri,Omani Owl,Strigiformes,LC,,,,,,,,,,,,,,,,,
Strix occidentalis,Spotted Owl,Strigiformes,NT,,,,,,,,,,,,,,,,,
Strix varia,Barred Owl,Strigiformes,,,,,,,,,,,,,,,,,,
Strix sartorii,Cinereous Owl,Strigiformes,,,,,,,,,,,,,,,,,,
Strix fulvescens,Fulvous Owl,Strigiformes,LC,,,,,,,,,,,,,,,,,
Strix hylophila,Rusty-barred Owl,Strigiformes,LC,,,,,,,,,,,,,,,,,
Strix rufipes,Rufous-legged Owl,Strigiformes,LC,,,,,,,,,,,,,,,,,
Strix chacoensis,Chaco Owl,Strigiformes,NT,,,,,,,,,,,,,,,,,
Strix uralensis,Ural Owl,Strigiformes,LC,,,,,,,,,,,,,,,,,
Strix nebulosa,Great Gray Owl,Strigiformes,LC,,,,,,,,,,,,,,,,,
Strix woodfordii,African Wood-Owl,Strigiformes,LC,,,,,,,,,,,,,,,,,
Asio grammicus,Jamaican Owl,Strigiformes,LC,,,,,,,,,,,,,,,,,
Asio otus,Long-eared Owl,Strigiformes,LC,,,,,,,,,,,,,,,,,
Asio abyssinicus,Abyssinian Owl,Strigiformes,LC,,,,,,,,,,,,,,,,,
Asio madagascariensis,Madagascar Owl,Strigiformes,LC,,,,,,,,,,,,,,,,,
Asio clamator,Striped Owl,Strigiformes,LC,,,,,,,,,,,,,,,,,
Asio stygius,Stygian Owl,Strigiformes,LC,,,,,,,,,,,,,,,,,
Asio flammeus,Short-eared Owl,Strigiformes,LC,,,,,,,,,,,,,,,,,
Asio capensis,Marsh Owl,Strigiformes,LC,,,,,,,,,,,,,,,,,
Asio solomonensis,Fearful Owl,Strigiformes,NT,,,,,,,,,,,,,,,,,
Aegolius funereus,Boreal Owl,Strigiformes,LC,,,,,,,,,,,,,,,,,
Aegolius acadicus,Northern Saw-whet Owl,Strigiformes,LC,,,,,,,,,,,,,,,,,
Aegolius gradyi,Bermuda Saw-whet Owl,Strigiformes,EX,,,,,,,,,,,,,,,,,
Aegolius ridgwayi,Unspotted Saw-whet Owl,Strigiformes,LC,,,,,,,,,,,,,,,,,
Aegolius harrisii,Buff-fronted Owl,Strigiformes,LC,,,,,,,,,,,,,,,,,
Ninox rufa,Rufous Owl,Strigiformes,LC,,,,,,,,,,,,,,,,,
Ninox strenua,Powerful Owl,Strigiformes,LC,,,,,,,,,,,,,,,,,
Ninox connivens,Barking Owl,Strigiformes,,,,,,,,,,,,,,,,,,
Ninox rudolfi,Sumba Boobook,Strigiformes,NT,,,,,,,,,,,,,,,,,
Ninox affinis,Andaman Boobook,Strigiformes,LC,,,,,,,,,,,,,,,,,
Ninox boobook,Australian Boobook,Strigiformes,,,,,,,,,,,,,,,,,,
Ninox rotiensis,Rote Boobook,Strigiformes,NT,,,,,,,,,,,,,,,,,
Ninox fusca,Timor Boobook,Strigiformes,LC,,,,,,,,,,,,,,,,,
Ninox plesseni,Alor Boobook,Strigiformes,LC,,,,,,,,,,,,,,,,,
Ninox leucopsis,Tasmanian Boobook,Strigiformes,LC,,,,,,,,,,,,,,,,,
Ninox novaeseelandiae,Morepork,Strigiformes,LC,,,,,,,,,,,,,,,,,
Ninox albifacies,Laughing Owl,Strigiformes,EX,,,,,,,,,,,,,,,,,
Ninox sumbaensis,Least Boobook,Strigiformes,EN,,,,,,,,,,,,,,,,,
Ninox scutulata,Brown Boobook,Strigiformes,LC,,,,,,,,,,,,,,,,,
Ninox obscura,Hume's Boobook,Strigiformes,LC,,,,,,,,,,,,,,,,,
Ninox japonica,Northern Boobook,Strigiformes,LC,,,,,,,,,,,,,,,,,
Ninox randi,Chocolate Boobook,Strigiformes,NT,,,,,,,,,,,,,,,,,
Ninox philippensis,Luzon Boobook,Strigiformes,LC,,,,,,,,,,,,,,,,,
Ninox spilocephala,Mindanao Boobook,Strigiformes,NT,,,,,,,,,,,,,,,,,
Ninox mindorensis,Mindoro Boobook,Strigiformes,VU,,,,,,,,,,,,,,,,,
Ninox spilonotus,Romblon Boobook,Strigiformes,EN,,,,,,,,,,,,,,,,,
Ninox rumseyi,Cebu Boobook,Strigiformes,VU,,,,,,,,,,,,,,,,,
Ninox leventisi,Camiguin Boobook,Strigiformes,VU,,,,,,,,,,,,,,,,,
Ninox reyi,Sulu Boobook,Strigiformes,VU,,,,,,,,,,,,,,,,,
Ninox ochracea,Ochre-bellied Boobook,Strigiformes,NT,,,,,,,,,,,,,,,,,
Ninox burhani,Togian Boobook,Strigiformes,NT,,,,,,,,,,,,,,,,,
Ninox ios,Cinnabar Boobook,Strigiformes,LC,,,,,,,,,,,,,,,,,
Ninox hypogramma,Halmahera Boobook,Strigiformes,LC,,,,,,,,,,,,,,,,,
Ninox forbesi,Tanimbar Boobook,Strigiformes,LC,,,,,,,,,,,,,,,,,
Ninox squamipila,Seram Boobook,Strigiformes,LC,,,,,,,,,,,,,,,,,
Ninox hantu,Buru Boobook,Strigiformes,LC,,,,,,,,,,,,,,,,,
Ninox natalis,Christmas Island Boobook,Strigiformes,VU,,,,,,,,,,,,,,,,,
Ninox theomacha,Papuan Boobook,Strigiformes,LC,,,,,,,,,,,,,,,,,
Ninox meeki,Manus Boobook,Strigiformes,LC,,,,,,,,,,,,,,,,,
Ninox punctulata,Speckled Boobook,Strigiformes,LC,,,,,,,,,,,,,,,,,
Ninox variegata,Bismarck Boobook,Strigiformes,LC,,,,,,,,,,,,,,,,,
Ninox odiosa,New Britain Boobook,Strigiformes,VU,,,,,,,,,,,,,,,,,
Uroglaux dimorpha,Papuan Owl,Strigiformes,LC,,,,,,,,,,,,,,,,,
Herpetotheres cachinnans,Laughing Falcon,Falconiformes,LC,,,,,,,,,,,,,,,,,
Micrastur buckleyi,Buckley's Forest-Falcon,Falconiformes,LC,,,,,,,,,,,,,,,,,
Micrastur semitorquatus,Collared Forest-Falcon,Falconiformes,LC,,,,,,,,,,,,,,,,,
Micrastur mirandollei,Slaty-backed Forest-Falcon,Falconiformes,LC,,,,,,,,,,,,,,,,,
Micrastur ruficollis,Barred Forest-Falcon,Falconiformes,LC,,,,,,,,,,,,,,,,,
Micrastur mintoni,Cryptic Forest-Falcon,Falconiformes,NT,,,,,,,,,,,,,,,,,
Micrastur plumbeus,Plumbeous Forest-Falcon,Falconiformes,VU,,,,,,,,,,,,,,,,,
Micrastur gilvicollis,Lined Forest-Falcon,Falconiformes,LC,,,,,,,,,,,,,,,,,
Spiziapteryx circumcincta,Spot-winged Falconet,Falconiformes,LC,,,,,,,,,,,,,,,,,
Caracara lutosa,Guadalupe Caracara,Falconiformes,EX,,,,,,,,,,,,,,,,,
Caracara plancus,Crested Caracara,Falconiformes,LC,,,,,,,,,,,,,,,,,
Ibycter americanus,Red-throated Caracara,Falconiformes,LC,,,,,,,,,,,,,,,,,
Daptrius chimachima,Yellow-headed Caracara,Falconiformes,LC,,,,,,,,,,,,,,,,,
Daptrius ater,Black Caracara,Falconiformes,LC,,,,,,,,,,,,,,,,,
Daptrius chimango,Chimango Caracara,Falconiformes,LC,,,,,,,,,,,,,,,,,
Daptrius carunculatus,Carunculated Caracara,Falconiformes,LC,,,,,,,,,,,,,,,,,
Daptrius megalopterus,Mountain Caracara,Falconiformes,LC,,,,,,,,,,,,,,,,,
Daptrius albogularis,White-throated Caracara,Falconiformes,LC,,,,,,,,,,,,,,,,,
Daptrius australis,Striated Caracara,Falconiformes,NT,,,,,,,,,,,,,,,,,
Polihierax semitorquatus,Pygmy Falcon,Falconiformes,LC,,,,,,,,,,,,,,,,,
Microhierax erythrogenys,Philippine Falconet,Falconiformes,LC,,,,,,,,,,,,,,,,,
Microhierax melanoleucos,Pied Falconet,Falconiformes,LC,,,,,,,,,,,,,,,,,
Microhierax caerulescens,Collared Falconet,Falconiformes,LC,,,,,,,,,,,,,,,,,
Microhierax fringillarius,Black-thighed Falconet,Falconiformes,LC,,,,,,,,,,,,,,,,,
Microhierax latifrons,White-fronted Falconet,Falconiformes,NT,,,,,,,,,,,,,,,,,
Neohierax insignis,White-rumped Falcon,Falconiformes,NT,,,,,,,,,,,,,,,,,
Falco naumanni,Lesser Kestrel,Falconiformes,LC,,,,,,,,,,,,,,,,,
Falco tinnunculus,Eurasian Kestrel,Falconiformes,,,,,,,,,,,,,,,,,,
Falco rupicolus,Rock Kestrel,Falconiformes,,,,,,,,,,,,,,,,,,
Falco newtoni,Malagasy Kestrel,Falconiformes,LC,,,,,,,,,,,,,,,,,
Falco punctatus,Mauritius Kestrel,Falconiformes,EN,,,,,,,,,,,,,,,,,
Falco araeus,Seychelles Kestrel,Falconiformes,VU,,,,,,,,,,,,,,,,,
Falco duboisi,Reunion Kestrel,Falconiformes,EX,,,,,,,,,,,,,,,,,
Falco moluccensis,Spotted Kestrel,Falconiformes,LC,,,,,,,,,,,,,,,,,
Falco cenchroides,Nankeen Kestrel,Falconiformes,LC,,,,,,,,,,,,,,,,,
Falco rupicoloides,Greater Kestrel,Falconiformes,LC,,,,,,,,,,,,,,,,,
Falco sparverius,American Kestrel,Falconiformes,LC,,,,,,,,,,,,,,,,,
Falco alopex,Fox Kestrel,Falconiformes,LC,,,,,,,,,,,,,,,,,
Falco ardosiaceus,Gray Kestrel,Falconiformes,LC,,,,,,,,,,,,,,,,,
Falco dickinsoni,Dickinson's Kestrel,Falconiformes,LC,,,,,,,,,,,,,,,,,
Falco zoniventris,Banded Kestrel,Falconiformes,LC,,,,,,,,,,,,,,,,,
Falco chicquera,Red-necked Falcon,Falconiformes,,,,,,,,,,,,,,,,,,
Falco vespertinus,Red-footed Falcon,Falconiformes,VU,,,,,,,,,,,,,,,,,
Falco amurensis,Amur Falcon,Falconiformes,LC,,,,,,,,,,,,,,,,,
Falco eleonorae,Eleonora's Falcon,Falconiformes,LC,,,,,,,,,,,,,,,,,
Falco concolor,Sooty Falcon,Falconiformes,VU,,,,,,,,,,,,,,,,,
Falco columbarius,Merlin,Falconiformes,LC,,,,,,,,,,,,,,,,,
Falco subbuteo,Eurasian Hobby,Falconiformes,LC,,,,,,,,,,,,,,,,,
Falco cuvierii,African Hobby,Falconiformes,LC,,,,,,,,,,,,,,,,,
Falco severus,Oriental Hobby,Falconiformes,LC,,,,,,,,,,,,,,,,,
Falco longipennis,Australian Hobby,Falconiformes,LC,,,,,,,,,,,,,,,,,
Falco novaeseelandiae,New Zealand Falcon,Falconiformes,LC,,,,,,,,,,,,,,,,,
Falco berigora,Brown Falcon,Falconiformes,LC,,,,,,,,,,,,,,,,,
Falco hypoleucos,Gray Falcon,Falconiformes,VU,,,,,,,,,,,,,,,,,
Falco subniger,Black Falcon,Falconiformes,LC,,,,,,,,,,,,,,,,,
Falco femoralis,Aplomado Falcon,Falconiformes,LC,,,,,,,,,,,,,,,,,
Falco rufigularis,Bat Falcon,Falconiformes,LC,,,,,,,,,,,,,,,,,
Falco deiroleucus,Orange-breasted Falcon,Falconiformes,NT,,,,,,,,,,,,,,,,,
Falco biarmicus,Lanner Falcon,Falconiformes,LC,,,,,,,,,,,,,,,,,
Falco jugger,Laggar Falcon,Falconiformes,NT,,,,,,,,,,,,,,,,,
Falco cherrug,Saker Falcon,Falconiformes,EN,,,,,,,,,,,,,,,,,
Falco rusticolus,Gyrfalcon,Falconiformes,LC,,,,,,,,,,,,,,,,,
Falco peregrinus,Peregrine Falcon,Falconiformes,LC,,,,,,,,,,,,,,,,,
Falco mexicanus,Prairie Falcon,Falconiformes,LC,,,,,,,,,,,,,,,,,
Falco fasciinucha,Taita Falcon,Falconiformes,VU,,,,,,,,,,,,,,,,,
